"url","Value 1","Content","Link","Link_link","Value 2","Value 3","Number"
"http://www.nationsonline.org/oneworld/country_code_list.htm","","Afghanistan","Afghanistan","http://www.nationsonline.org/oneworld/afghanistan.htm","AF","AFG","004"
"http://www.nationsonline.org/oneworld/country_code_list.htm","","Aland Islands","","","AX","ALA","248"
"http://www.nationsonline.org/oneworld/country_code_list.htm","","Albania","Albania","http://www.nationsonline.org/oneworld/albania.htm","AL","ALB","008"
"http://www.nationsonline.org/oneworld/country_code_list.htm","","Algeria","Algeria","http://www.nationsonline.org/oneworld/algeria.htm","DZ","DZA","012"
"http://www.nationsonline.org/oneworld/country_code_list.htm","","American Samoa","American Samoa","http://www.nationsonline.org/oneworld/american_samoa.htm","AS","ASM","016"
"http://www.nationsonline.org/oneworld/country_code_list.htm","","Andorra","Andorra","http://www.nationsonline.org/oneworld/andorra.htm","AD","AND","020"
"http://www.nationsonline.org/oneworld/country_code_list.htm","","Angola","Angola","http://www.nationsonline.org/oneworld/angola.htm","AO","AGO","024"
"http://www.nationsonline.org/oneworld/country_code_list.htm","","Anguilla","Anguilla","http://www.nationsonline.org/oneworld/anguilla.htm","AI","AIA","660"
"http://www.nationsonline.org/oneworld/country_code_list.htm","","Antarctica","","","AQ","ATA","010"
"http://www.nationsonline.org/oneworld/country_code_list.htm","","Antigua and Barbuda","Antigua and Barbuda","http://www.nationsonline.org/oneworld/antigua_barbuda.htm","AG","ATG","028"
"http://www.nationsonline.org/oneworld/country_code_list.htm","","Argentina","Argentina","http://www.nationsonline.org/oneworld/argentina.htm","AR","ARG","032"
"http://www.nationsonline.org/oneworld/country_code_list.htm","","Armenia","Armenia","http://www.nationsonline.org/oneworld/armenia.htm","AM","ARM","051"
"http://www.nationsonline.org/oneworld/country_code_list.htm","","Aruba","Aruba","http://www.nationsonline.org/oneworld/aruba.htm","AW","ABW","533"
"http://www.nationsonline.org/oneworld/country_code_list.htm","","Australia","Australia","http://www.nationsonline.org/oneworld/australia.htm","AU","AUS","036"
"http://www.nationsonline.org/oneworld/country_code_list.htm","","Austria","Austria","http://www.nationsonline.org/oneworld/austria.htm","AT","AUT","040"
"http://www.nationsonline.org/oneworld/country_code_list.htm","","Azerbaijan","Azerbaijan","http://www.nationsonline.org/oneworld/azerbaijan.htm","AZ","AZE","031"
"http://www.nationsonline.org/oneworld/country_code_list.htm","","Bahamas","Bahamas","http://www.nationsonline.org/oneworld/bahamas.htm","BS","BHS","044"
"http://www.nationsonline.org/oneworld/country_code_list.htm","","Bahrain","Bahrain","http://www.nationsonline.org/oneworld/bahrain.htm","BH","BHR","048"
"http://www.nationsonline.org/oneworld/country_code_list.htm","","Bangladesh","Bangladesh","http://www.nationsonline.org/oneworld/bangladesh.htm","BD","BGD","050"
"http://www.nationsonline.org/oneworld/country_code_list.htm","","Barbados","Barbados","http://www.nationsonline.org/oneworld/barbados.htm","BB","BRB","052"
"http://www.nationsonline.org/oneworld/country_code_list.htm","","Belarus","Belarus","http://www.nationsonline.org/oneworld/belarus.htm","BY","BLR","112"
"http://www.nationsonline.org/oneworld/country_code_list.htm","","Belgium","Belgium","http://www.nationsonline.org/oneworld/belgium.htm","BE","BEL","056"
"http://www.nationsonline.org/oneworld/country_code_list.htm","","Belize","Belize","http://www.nationsonline.org/oneworld/belize.htm","BZ","BLZ","084"
"http://www.nationsonline.org/oneworld/country_code_list.htm","","Benin","Benin","http://www.nationsonline.org/oneworld/benin.htm","BJ","BEN","204"
"http://www.nationsonline.org/oneworld/country_code_list.htm","","Bermuda","Bermuda","http://www.nationsonline.org/oneworld/bermuda.htm","BM","BMU","060"
"http://www.nationsonline.org/oneworld/country_code_list.htm","","Bhutan","Bhutan","http://www.nationsonline.org/oneworld/bhutan.htm","BT","BTN","064"
"http://www.nationsonline.org/oneworld/country_code_list.htm","","Bolivia","Bolivia","http://www.nationsonline.org/oneworld/bolivia.htm","BO","BOL","068"
"http://www.nationsonline.org/oneworld/country_code_list.htm","","Bosnia and Herzegovina","Bosnia and Herzegovina","http://www.nationsonline.org/oneworld/bosnia_herzegovina.htm","BA","BIH","070"
"http://www.nationsonline.org/oneworld/country_code_list.htm","","Botswana","Botswana","http://www.nationsonline.org/oneworld/botswana.htm","BW","BWA","072"
"http://www.nationsonline.org/oneworld/country_code_list.htm","","Bouvet Island","","","BV","BVT","074"
"http://www.nationsonline.org/oneworld/country_code_list.htm","","Brazil","Brazil","http://www.nationsonline.org/oneworld/brazil.htm","BR","BRA","076"
"http://www.nationsonline.org/oneworld/country_code_list.htm","","British Virgin Islands","British Virgin Islands","http://www.nationsonline.org/oneworld/virgin_islands_british.htm","VG","VGB","092"
"http://www.nationsonline.org/oneworld/country_code_list.htm","","British Indian Ocean Territory","","","IO","IOT","086"
"http://www.nationsonline.org/oneworld/country_code_list.htm","","Brunei Darussalam","Brunei Darussalam","http://www.nationsonline.org/oneworld/brunei.htm","BN","BRN","096"
"http://www.nationsonline.org/oneworld/country_code_list.htm","","Bulgaria","Bulgaria","http://www.nationsonline.org/oneworld/bulgaria.htm","BG","BGR","100"
"http://www.nationsonline.org/oneworld/country_code_list.htm","","Burkina Faso","Burkina Faso","http://www.nationsonline.org/oneworld/burkina_faso.htm","BF","BFA","854"
"http://www.nationsonline.org/oneworld/country_code_list.htm","","Burundi","Burundi","http://www.nationsonline.org/oneworld/burundi.htm","BI","BDI","108"
"http://www.nationsonline.org/oneworld/country_code_list.htm","","Cambodia","Cambodia","http://www.nationsonline.org/oneworld/cambodia.htm","KH","KHM","116"
"http://www.nationsonline.org/oneworld/country_code_list.htm","","Cameroon","Cameroon","http://www.nationsonline.org/oneworld/cameroon.htm","CM","CMR","120"
"http://www.nationsonline.org/oneworld/country_code_list.htm","","Canada","Canada","http://www.nationsonline.org/oneworld/canada.htm","CA","CAN","124"
"http://www.nationsonline.org/oneworld/country_code_list.htm","","Cape Verde","Cape Verde","http://www.nationsonline.org/oneworld/cape_verde.htm","CV","CPV","132"
"http://www.nationsonline.org/oneworld/country_code_list.htm","","Cayman Islands","","","KY","CYM","136"
"http://www.nationsonline.org/oneworld/country_code_list.htm","","Central African Republic","Central African Republic","http://www.nationsonline.org/oneworld/central_african_republic.htm","CF","CAF","140"
"http://www.nationsonline.org/oneworld/country_code_list.htm","","Chad","Chad","http://www.nationsonline.org/oneworld/chad.htm","TD","TCD","148"
"http://www.nationsonline.org/oneworld/country_code_list.htm","","Chile","Chile","http://www.nationsonline.org/oneworld/chile.htm","CL","CHL","152"
"http://www.nationsonline.org/oneworld/country_code_list.htm","","China","China","http://www.nationsonline.org/oneworld/china.htm","CN","CHN","156"
"http://www.nationsonline.org/oneworld/country_code_list.htm","","Hong Kong, Special Administrative Region of China","Hong Kong","http://www.nationsonline.org/oneworld/hong_kong.htm","HK","HKG","344"
"http://www.nationsonline.org/oneworld/country_code_list.htm","","Macao, Special Administrative Region of China","Macao","http://www.nationsonline.org/oneworld/macau.htm","MO","MAC","446"
"http://www.nationsonline.org/oneworld/country_code_list.htm","","Christmas Island","","","CX","CXR","162"
"http://www.nationsonline.org/oneworld/country_code_list.htm","","Cocos (Keeling) Islands","","","CC","CCK","166"
"http://www.nationsonline.org/oneworld/country_code_list.htm","","Colombia","Colombia","http://www.nationsonline.org/oneworld/colombia.htm","CO","COL","170"
"http://www.nationsonline.org/oneworld/country_code_list.htm","","Comoros","Comoros","http://www.nationsonline.org/oneworld/comoros.htm","KM","COM","174"
"http://www.nationsonline.org/oneworld/country_code_list.htm","","Congo (Brazzaville)","Congo","http://www.nationsonline.org/oneworld/congo_roc.htm","CG","COG","178"
"http://www.nationsonline.org/oneworld/country_code_list.htm","","Congo, Democratic Republic of the","Congo","http://www.nationsonline.org/oneworld/congo_droc.htm","CD","COD","180"
"http://www.nationsonline.org/oneworld/country_code_list.htm","","Cook Islands","","","CK","COK","184"
"http://www.nationsonline.org/oneworld/country_code_list.htm","","Costa Rica","Costa Rica","http://www.nationsonline.org/oneworld/costa_rica.htm","CR","CRI","188"
"http://www.nationsonline.org/oneworld/country_code_list.htm","","Côte d'Ivoire","Côte d'Ivoire","http://www.nationsonline.org/oneworld/cote_d_ivoire.htm","CI","CIV","384"
"http://www.nationsonline.org/oneworld/country_code_list.htm","","Croatia","Croatia","http://www.nationsonline.org/oneworld/croatia.htm","HR","HRV","191"
"http://www.nationsonline.org/oneworld/country_code_list.htm","","Cuba","Cuba","http://www.nationsonline.org/oneworld/cuba.htm","CU","CUB","192"
"http://www.nationsonline.org/oneworld/country_code_list.htm","","Cyprus","Cyprus","http://www.nationsonline.org/oneworld/cyprus.htm","CY","CYP","196"
"http://www.nationsonline.org/oneworld/country_code_list.htm","","Czech Republic","Czech Republic","http://www.nationsonline.org/oneworld/czech_republic.htm","CZ","CZE","203"
"http://www.nationsonline.org/oneworld/country_code_list.htm","","Denmark","Denmark","http://www.nationsonline.org/oneworld/denmark.htm","DK","DNK","208"
"http://www.nationsonline.org/oneworld/country_code_list.htm","","Djibouti","Djibouti","http://www.nationsonline.org/oneworld/djibouti.htm","DJ","DJI","262"
"http://www.nationsonline.org/oneworld/country_code_list.htm","","Dominica","Dominica","http://www.nationsonline.org/oneworld/dominica.htm","DM","DMA","212"
"http://www.nationsonline.org/oneworld/country_code_list.htm","","Dominican Republic","Dominican Republic","http://www.nationsonline.org/oneworld/dominican_republic.htm","DO","DOM","214"
"http://www.nationsonline.org/oneworld/country_code_list.htm","","Ecuador","Ecuador","http://www.nationsonline.org/oneworld/ecuador.htm","EC","ECU","218"
"http://www.nationsonline.org/oneworld/country_code_list.htm","","Egypt","Egypt","http://www.nationsonline.org/oneworld/egypt.htm","EG","EGY","818"
"http://www.nationsonline.org/oneworld/country_code_list.htm","","El Salvador","El Salvador","http://www.nationsonline.org/oneworld/el_salvador.htm","SV","SLV","222"
"http://www.nationsonline.org/oneworld/country_code_list.htm","","Equatorial Guinea","Equatorial Guinea","http://www.nationsonline.org/oneworld/equatorial_guinea.htm","GQ","GNQ","226"
"http://www.nationsonline.org/oneworld/country_code_list.htm","","Eritrea","Eritrea","http://www.nationsonline.org/oneworld/eritrea.htm","ER","ERI","232"
"http://www.nationsonline.org/oneworld/country_code_list.htm","","Estonia","Estonia","http://www.nationsonline.org/oneworld/estonia.htm","EE","EST","233"
"http://www.nationsonline.org/oneworld/country_code_list.htm","","Ethiopia","Ethiopia","http://www.nationsonline.org/oneworld/ethiopia.htm","ET","ETH","231"
"http://www.nationsonline.org/oneworld/country_code_list.htm","","Falkland Islands (Malvinas)","","","FK","FLK","238"
"http://www.nationsonline.org/oneworld/country_code_list.htm","","Faroe Islands","Faroe Islands","http://www.nationsonline.org/oneworld/faroe_islands.htm","FO","FRO","234"
"http://www.nationsonline.org/oneworld/country_code_list.htm","","Fiji","Fiji","http://www.nationsonline.org/oneworld/fiji.htm","FJ","FJI","242"
"http://www.nationsonline.org/oneworld/country_code_list.htm","","Finland","Finland","http://www.nationsonline.org/oneworld/finland.htm","FI","FIN","246"
"http://www.nationsonline.org/oneworld/country_code_list.htm","","France","France","http://www.nationsonline.org/oneworld/france.htm","FR","FRA","250"
"http://www.nationsonline.org/oneworld/country_code_list.htm","","French Guiana","French Guiana","http://www.nationsonline.org/oneworld/french_guiana.htm","GF","GUF","254"
"http://www.nationsonline.org/oneworld/country_code_list.htm","","French Polynesia","French Polynesia","http://www.nationsonline.org/oneworld/french_polynesia.htm","PF","PYF","258"
"http://www.nationsonline.org/oneworld/country_code_list.htm","","French Southern Territories","","","TF","ATF","260"
"http://www.nationsonline.org/oneworld/country_code_list.htm","","Gabon","Gabon","http://www.nationsonline.org/oneworld/gabon.htm","GA","GAB","266"
"http://www.nationsonline.org/oneworld/country_code_list.htm","","Gambia","Gambia","http://www.nationsonline.org/oneworld/gambia.htm","GM","GMB","270"
"http://www.nationsonline.org/oneworld/country_code_list.htm","","Georgia","Georgia","http://www.nationsonline.org/oneworld/georgia.htm","GE","GEO","268"
"http://www.nationsonline.org/oneworld/country_code_list.htm","","Germany","Germany","http://www.nationsonline.org/oneworld/germany.htm","DE","DEU","276"
"http://www.nationsonline.org/oneworld/country_code_list.htm","","Ghana","Ghana","http://www.nationsonline.org/oneworld/ghana.htm","GH","GHA","288"
"http://www.nationsonline.org/oneworld/country_code_list.htm","","Gibraltar","","","GI","GIB","292"
"http://www.nationsonline.org/oneworld/country_code_list.htm","","Greece","Greece","http://www.nationsonline.org/oneworld/greece.htm","GR","GRC","300"
"http://www.nationsonline.org/oneworld/country_code_list.htm","","Greenland","Greenland","http://www.nationsonline.org/oneworld/greenland.htm","GL","GRL","304"
"http://www.nationsonline.org/oneworld/country_code_list.htm","","Grenada","Grenada","http://www.nationsonline.org/oneworld/grenada.htm","GD","GRD","308"
"http://www.nationsonline.org/oneworld/country_code_list.htm","","Guadeloupe","Guadeloupe","http://www.nationsonline.org/oneworld/guadeloupe.htm","GP","GLP","312"
"http://www.nationsonline.org/oneworld/country_code_list.htm","","Guam","Guam","http://www.nationsonline.org/oneworld/guam.htm","GU","GUM","316"
"http://www.nationsonline.org/oneworld/country_code_list.htm","","Guatemala","Guatemala","http://www.nationsonline.org/oneworld/guatemala.htm","GT","GTM","320"
"http://www.nationsonline.org/oneworld/country_code_list.htm","","Guernsey","","","GG","GGY","831"
"http://www.nationsonline.org/oneworld/country_code_list.htm","","Guinea","Guinea","http://www.nationsonline.org/oneworld/guinea.htm","GN","GIN","324"
"http://www.nationsonline.org/oneworld/country_code_list.htm","","Guinea-Bissau","Guinea-Bissau","http://www.nationsonline.org/oneworld/guinea_bissau.htm","GW","GNB","624"
"http://www.nationsonline.org/oneworld/country_code_list.htm","","Guyana","Guyana","http://www.nationsonline.org/oneworld/guyana.htm","GY","GUY","328"
"http://www.nationsonline.org/oneworld/country_code_list.htm","","Haiti","Haiti","http://www.nationsonline.org/oneworld/haiti.htm","HT","HTI","332"
"http://www.nationsonline.org/oneworld/country_code_list.htm","","Heard Island and Mcdonald Islands","","","HM","HMD","334"
"http://www.nationsonline.org/oneworld/country_code_list.htm","","Holy See (Vatican City State)","Holy See","http://www.nationsonline.org/oneworld/vatican.htm","VA","VAT","336"
"http://www.nationsonline.org/oneworld/country_code_list.htm","","Honduras","Honduras","http://www.nationsonline.org/oneworld/honduras.htm","HN","HND","340"
"http://www.nationsonline.org/oneworld/country_code_list.htm","","Hungary","Hungary","http://www.nationsonline.org/oneworld/hungary.htm","HU","HUN","348"
"http://www.nationsonline.org/oneworld/country_code_list.htm","","Iceland","Iceland","http://www.nationsonline.org/oneworld/iceland.htm","IS","ISL","352"
"http://www.nationsonline.org/oneworld/country_code_list.htm","","India","India","http://www.nationsonline.org/oneworld/india.htm","IN","IND","356"
"http://www.nationsonline.org/oneworld/country_code_list.htm","","Indonesia","Indonesia","http://www.nationsonline.org/oneworld/indonesia.htm","ID","IDN","360"
"http://www.nationsonline.org/oneworld/country_code_list.htm","","Iran, Islamic Republic of","Iran, Islamic Republic of","http://www.nationsonline.org/oneworld/iran.htm","IR","IRN","364"
"http://www.nationsonline.org/oneworld/country_code_list.htm","","Iraq","Iraq","http://www.nationsonline.org/oneworld/iraq.htm","IQ","IRQ","368"
"http://www.nationsonline.org/oneworld/country_code_list.htm","","Ireland","Ireland","http://www.nationsonline.org/oneworld/ireland.htm","IE","IRL","372"
"http://www.nationsonline.org/oneworld/country_code_list.htm","","Isle of Man","","","IM","IMN","833"
"http://www.nationsonline.org/oneworld/country_code_list.htm","","Israel","Israel","http://www.nationsonline.org/oneworld/israel.htm","IL","ISR","376"
"http://www.nationsonline.org/oneworld/country_code_list.htm","","Italy","Italy","http://www.nationsonline.org/oneworld/italy.htm","IT","ITA","380"
"http://www.nationsonline.org/oneworld/country_code_list.htm","","Jamaica","Jamaica","http://www.nationsonline.org/oneworld/jamaica.htm","JM","JAM","388"
"http://www.nationsonline.org/oneworld/country_code_list.htm","","Japan","Japan","http://www.nationsonline.org/oneworld/japan.htm","JP","JPN","392"
"http://www.nationsonline.org/oneworld/country_code_list.htm","","Jersey","","","JE","JEY","832"
"http://www.nationsonline.org/oneworld/country_code_list.htm","","Jordan","Jordan","http://www.nationsonline.org/oneworld/jordan.htm","JO","JOR","400"
"http://www.nationsonline.org/oneworld/country_code_list.htm","","Kazakhstan","Kazakhstan","http://www.nationsonline.org/oneworld/kazakhstan.htm","KZ","KAZ","398"
"http://www.nationsonline.org/oneworld/country_code_list.htm","","Kenya","Kenya","http://www.nationsonline.org/oneworld/kenya.htm","KE","KEN","404"
"http://www.nationsonline.org/oneworld/country_code_list.htm","","Kiribati","Kiribati","http://www.nationsonline.org/oneworld/kiribati.htm","KI","KIR","296"
"http://www.nationsonline.org/oneworld/country_code_list.htm","","Korea, Democratic People's Republic of","Korea, Democratic People's Republic of","http://www.nationsonline.org/oneworld/korea_north.htm","KP","PRK","408"
"http://www.nationsonline.org/oneworld/country_code_list.htm","","Korea, Republic of","Korea, Republic of","http://www.nationsonline.org/oneworld/korea_south.htm","KR","KOR","410"
"http://www.nationsonline.org/oneworld/country_code_list.htm","","Kuwait","Kuwait","http://www.nationsonline.org/oneworld/kuwait.htm","KW","KWT","414"
"http://www.nationsonline.org/oneworld/country_code_list.htm","","Kyrgyzstan","Kyrgyzstan","http://www.nationsonline.org/oneworld/kyrgyzstan.htm","KG","KGZ","417"
"http://www.nationsonline.org/oneworld/country_code_list.htm","","Lao PDR","Lao PDR","http://www.nationsonline.org/oneworld/laos.htm","LA","LAO","418"
"http://www.nationsonline.org/oneworld/country_code_list.htm","","Latvia","Latvia","http://www.nationsonline.org/oneworld/latvia.htm","LV","LVA","428"
"http://www.nationsonline.org/oneworld/country_code_list.htm","","Lebanon","Lebanon","http://www.nationsonline.org/oneworld/lebanon.htm","LB","LBN","422"
"http://www.nationsonline.org/oneworld/country_code_list.htm","","Lesotho","Lesotho","http://www.nationsonline.org/oneworld/lesotho.htm","LS","LSO","426"
"http://www.nationsonline.org/oneworld/country_code_list.htm","","Liberia","Liberia","http://www.nationsonline.org/oneworld/liberia.htm","LR","LBR","430"
"http://www.nationsonline.org/oneworld/country_code_list.htm","","Libya","Libya","http://www.nationsonline.org/oneworld/libya.htm","LY","LBY","434"
"http://www.nationsonline.org/oneworld/country_code_list.htm","","Liechtenstein","Liechtenstein","http://www.nationsonline.org/oneworld/liechtenstein.htm","LI","LIE","438"
"http://www.nationsonline.org/oneworld/country_code_list.htm","","Lithuania","Lithuania","http://www.nationsonline.org/oneworld/lithuania.htm","LT","LTU","440"
"http://www.nationsonline.org/oneworld/country_code_list.htm","","Luxembourg","Luxembourg","http://www.nationsonline.org/oneworld/luxembourg.htm","LU","LUX","442"
"http://www.nationsonline.org/oneworld/country_code_list.htm","","Macedonia, Republic of","Macedonia, Republic of","http://www.nationsonline.org/oneworld/macedonia_rep.htm","MK","MKD","807"
"http://www.nationsonline.org/oneworld/country_code_list.htm","","Madagascar","Madagascar","http://www.nationsonline.org/oneworld/madagascar.htm","MG","MDG","450"
"http://www.nationsonline.org/oneworld/country_code_list.htm","","Malawi","Malawi","http://www.nationsonline.org/oneworld/malawi.htm","MW","MWI","454"
"http://www.nationsonline.org/oneworld/country_code_list.htm","","Malaysia","Malaysia","http://www.nationsonline.org/oneworld/malaysia.htm","MY","MYS","458"
"http://www.nationsonline.org/oneworld/country_code_list.htm","","Maldives","Maldives","http://www.nationsonline.org/oneworld/maldives.htm","MV","MDV","462"
"http://www.nationsonline.org/oneworld/country_code_list.htm","","Mali","Mali","http://www.nationsonline.org/oneworld/mali.htm","ML","MLI","466"
"http://www.nationsonline.org/oneworld/country_code_list.htm","","Malta","Malta","http://www.nationsonline.org/oneworld/malta.htm","MT","MLT","470"
"http://www.nationsonline.org/oneworld/country_code_list.htm","","Marshall Islands","Marshall Islands","http://www.nationsonline.org/oneworld/marshall_islands.htm","MH","MHL","584"
"http://www.nationsonline.org/oneworld/country_code_list.htm","","Martinique","Martinique","http://www.nationsonline.org/oneworld/martinique.htm","MQ","MTQ","474"
"http://www.nationsonline.org/oneworld/country_code_list.htm","","Mauritania","Mauritania","http://www.nationsonline.org/oneworld/mauritania.htm","MR","MRT","478"
"http://www.nationsonline.org/oneworld/country_code_list.htm","","Mauritius","Mauritius","http://www.nationsonline.org/oneworld/mauritius.htm","MU","MUS","480"
"http://www.nationsonline.org/oneworld/country_code_list.htm","","Mayotte","","","YT","MYT","175"
"http://www.nationsonline.org/oneworld/country_code_list.htm","","Mexico","Mexico","http://www.nationsonline.org/oneworld/mexico.htm","MX","MEX","484"
"http://www.nationsonline.org/oneworld/country_code_list.htm","","Micronesia, Federated States of","Micronesia, Federated States of","http://www.nationsonline.org/oneworld/micronesia.htm","FM","FSM","583"
"http://www.nationsonline.org/oneworld/country_code_list.htm","","Moldova","Moldova","http://www.nationsonline.org/oneworld/moldova.htm","MD","MDA","498"
"http://www.nationsonline.org/oneworld/country_code_list.htm","","Monaco","Monaco","http://www.nationsonline.org/oneworld/monaco.htm","MC","MCO","492"
"http://www.nationsonline.org/oneworld/country_code_list.htm","","Mongolia","Mongolia","http://www.nationsonline.org/oneworld/mongolia.htm","MN","MNG","496"
"http://www.nationsonline.org/oneworld/country_code_list.htm","","Montenegro","Montenegro","http://www.nationsonline.org/oneworld/montenegro.htm","ME","MNE","499"
"http://www.nationsonline.org/oneworld/country_code_list.htm","","Montserrat","Montserrat","http://www.nationsonline.org/oneworld/montserrat.htm","MS","MSR","500"
"http://www.nationsonline.org/oneworld/country_code_list.htm","","Morocco","Morocco","http://www.nationsonline.org/oneworld/morocco.htm","MA","MAR","504"
"http://www.nationsonline.org/oneworld/country_code_list.htm","","Mozambique","Mozambique","http://www.nationsonline.org/oneworld/mozambique.htm","MZ","MOZ","508"
"http://www.nationsonline.org/oneworld/country_code_list.htm","","Myanmar","Myanmar","http://www.nationsonline.org/oneworld/myanmar.htm","MM","MMR","104"
"http://www.nationsonline.org/oneworld/country_code_list.htm","","Namibia","Namibia","http://www.nationsonline.org/oneworld/namibia.htm","NA","NAM","516"
"http://www.nationsonline.org/oneworld/country_code_list.htm","","Nauru","Nauru","http://www.nationsonline.org/oneworld/nauru.htm","NR","NRU","520"
"http://www.nationsonline.org/oneworld/country_code_list.htm","","Nepal","Nepal","http://www.nationsonline.org/oneworld/nepal.htm","NP","NPL","524"
"http://www.nationsonline.org/oneworld/country_code_list.htm","","Netherlands","Netherlands","http://www.nationsonline.org/oneworld/netherlands.htm","NL","NLD","528"
"http://www.nationsonline.org/oneworld/country_code_list.htm","","Netherlands Antilles","Netherlands Antilles","http://www.nationsonline.org/oneworld/netherlands_antilles.htm","AN","ANT","530"
"http://www.nationsonline.org/oneworld/country_code_list.htm","","New Caledonia","New Caledonia","http://www.nationsonline.org/oneworld/new_caledonia.htm","NC","NCL","540"
"http://www.nationsonline.org/oneworld/country_code_list.htm","","New Zealand","New Zealand","http://www.nationsonline.org/oneworld/new_zealand.htm","NZ","NZL","554"
"http://www.nationsonline.org/oneworld/country_code_list.htm","","Nicaragua","Nicaragua","http://www.nationsonline.org/oneworld/nicaragua.htm","NI","NIC","558"
"http://www.nationsonline.org/oneworld/country_code_list.htm","","Niger","Niger","http://www.nationsonline.org/oneworld/niger.htm","NE","NER","562"
"http://www.nationsonline.org/oneworld/country_code_list.htm","","Nigeria","Nigeria","http://www.nationsonline.org/oneworld/nigeria.htm","NG","NGA","566"
"http://www.nationsonline.org/oneworld/country_code_list.htm","","Niue","","","NU","NIU","570"
"http://www.nationsonline.org/oneworld/country_code_list.htm","","Norfolk Island","","","NF","NFK","574"
"http://www.nationsonline.org/oneworld/country_code_list.htm","","Northern Mariana Islands","Northern Mariana Islands","http://www.nationsonline.org/oneworld/northern_mariana_islands.htm","MP","MNP","580"
"http://www.nationsonline.org/oneworld/country_code_list.htm","","Norway","Norway","http://www.nationsonline.org/oneworld/norway.htm","NO","NOR","578"
"http://www.nationsonline.org/oneworld/country_code_list.htm","","Oman","Oman","http://www.nationsonline.org/oneworld/oman.htm","OM","OMN","512"
"http://www.nationsonline.org/oneworld/country_code_list.htm","","Pakistan","Pakistan","http://www.nationsonline.org/oneworld/pakistan.htm","PK","PAK","586"
"http://www.nationsonline.org/oneworld/country_code_list.htm","","Palau","Palau","http://www.nationsonline.org/oneworld/palau.htm","PW","PLW","585"
"http://www.nationsonline.org/oneworld/country_code_list.htm","","Palestinian Territory, Occupied","Palestinian Territory","http://www.nationsonline.org/oneworld/palestinian_territory.htm","PS","PSE","275"
"http://www.nationsonline.org/oneworld/country_code_list.htm","","Panama","Panama","http://www.nationsonline.org/oneworld/panama.htm","PA","PAN","591"
"http://www.nationsonline.org/oneworld/country_code_list.htm","","Papua New Guinea","Papua New Guinea","http://www.nationsonline.org/oneworld/papua_new_guinea.htm","PG","PNG","598"
"http://www.nationsonline.org/oneworld/country_code_list.htm","","Paraguay","Paraguay","http://www.nationsonline.org/oneworld/paraguay.htm","PY","PRY","600"
"http://www.nationsonline.org/oneworld/country_code_list.htm","","Peru","Peru","http://www.nationsonline.org/oneworld/peru.htm","PE","PER","604"
"http://www.nationsonline.org/oneworld/country_code_list.htm","","Philippines","Philippines","http://www.nationsonline.org/oneworld/philippines.htm","PH","PHL","608"
"http://www.nationsonline.org/oneworld/country_code_list.htm","","Pitcairn","Pitcairn","http://www.nationsonline.org/oneworld/pitcairn.htm","PN","PCN","612"
"http://www.nationsonline.org/oneworld/country_code_list.htm","","Poland","Poland","http://www.nationsonline.org/oneworld/poland.htm","PL","POL","616"
"http://www.nationsonline.org/oneworld/country_code_list.htm","","Portugal","Portugal","http://www.nationsonline.org/oneworld/portugal.htm","PT","PRT","620"
"http://www.nationsonline.org/oneworld/country_code_list.htm","","Puerto Rico","Puerto Rico","http://www.nationsonline.org/oneworld/puerto_rico.htm","PR","PRI","630"
"http://www.nationsonline.org/oneworld/country_code_list.htm","","Qatar","Qatar","http://www.nationsonline.org/oneworld/qatar.htm","QA","QAT","634"
"http://www.nationsonline.org/oneworld/country_code_list.htm","","Réunion","Réunion","http://www.nationsonline.org/oneworld/reunion.htm","RE","REU","638"
"http://www.nationsonline.org/oneworld/country_code_list.htm","","Romania","Romania","http://www.nationsonline.org/oneworld/romania.htm","RO","ROU","642"
"http://www.nationsonline.org/oneworld/country_code_list.htm","","Russian Federation","Russian Federation","http://www.nationsonline.org/oneworld/russia.htm","RU","RUS","643"
"http://www.nationsonline.org/oneworld/country_code_list.htm","","Rwanda","Rwanda","http://www.nationsonline.org/oneworld/rwanda.htm","RW","RWA","646"
"http://www.nationsonline.org/oneworld/country_code_list.htm","","Saint-Barthélemy","","","BL","BLM","652"
"http://www.nationsonline.org/oneworld/country_code_list.htm","","Saint Helena","","","SH","SHN","654"
"http://www.nationsonline.org/oneworld/country_code_list.htm","","Saint Kitts and Nevis","Saint Kitts and Nevis","http://www.nationsonline.org/oneworld/saint_kitts_nevis.htm","KN","KNA","659"
"http://www.nationsonline.org/oneworld/country_code_list.htm","","Saint Lucia","Saint Lucia","http://www.nationsonline.org/oneworld/saint_lucia.htm","LC","LCA","662"
"http://www.nationsonline.org/oneworld/country_code_list.htm","","Saint-Martin (French part)","","","MF","MAF","663"
"http://www.nationsonline.org/oneworld/country_code_list.htm","","Saint Pierre and Miquelon","","","PM","SPM","666"
"http://www.nationsonline.org/oneworld/country_code_list.htm","","Saint Vincent and Grenadines","Saint Vincent and Grenadines","http://www.nationsonline.org/oneworld/saint_vincent_grenadines.htm","VC","VCT","670"
"http://www.nationsonline.org/oneworld/country_code_list.htm","","Samoa","Samoa","http://www.nationsonline.org/oneworld/samoa.htm","WS","WSM","882"
"http://www.nationsonline.org/oneworld/country_code_list.htm","","San Marino","San Marino","http://www.nationsonline.org/oneworld/san_marino.htm","SM","SMR","674"
"http://www.nationsonline.org/oneworld/country_code_list.htm","","Sao Tome and Principe","Sao Tome and Principe","http://www.nationsonline.org/oneworld/sao_tome_principe.htm","ST","STP","678"
"http://www.nationsonline.org/oneworld/country_code_list.htm","","Saudi Arabia","Saudi Arabia","http://www.nationsonline.org/oneworld/saudi_arabia.htm","SA","SAU","682"
"http://www.nationsonline.org/oneworld/country_code_list.htm","","Senegal","Senegal","http://www.nationsonline.org/oneworld/senegal.htm","SN","SEN","686"
"http://www.nationsonline.org/oneworld/country_code_list.htm","","Serbia","Serbia","http://www.nationsonline.org/oneworld/serbia.htm","RS","SRB","688"
"http://www.nationsonline.org/oneworld/country_code_list.htm","","Seychelles","Seychelles","http://www.nationsonline.org/oneworld/seychelles.htm","SC","SYC","690"
"http://www.nationsonline.org/oneworld/country_code_list.htm","","Sierra Leone","Sierra Leone","http://www.nationsonline.org/oneworld/sierra_leone.htm","SL","SLE","694"
"http://www.nationsonline.org/oneworld/country_code_list.htm","","Singapore","Singapore","http://www.nationsonline.org/oneworld/singapore.htm","SG","SGP","702"
"http://www.nationsonline.org/oneworld/country_code_list.htm","","Slovakia","Slovakia","http://www.nationsonline.org/oneworld/slovakia.htm","SK","SVK","703"
"http://www.nationsonline.org/oneworld/country_code_list.htm","","Slovenia","Slovenia","http://www.nationsonline.org/oneworld/slovenia.htm","SI","SVN","705"
"http://www.nationsonline.org/oneworld/country_code_list.htm","","Solomon Islands","Solomon Islands","http://www.nationsonline.org/oneworld/solomon_islands.htm","SB","SLB","090"
"http://www.nationsonline.org/oneworld/country_code_list.htm","","Somalia","Somalia","http://www.nationsonline.org/oneworld/somalia.htm","SO","SOM","706"
"http://www.nationsonline.org/oneworld/country_code_list.htm","","South Africa","South Africa","http://www.nationsonline.org/oneworld/south_africa.htm","ZA","ZAF","710"
"http://www.nationsonline.org/oneworld/country_code_list.htm","","South Georgia and the South Sandwich Islands","","","GS","SGS","239"
"http://www.nationsonline.org/oneworld/country_code_list.htm","","South Sudan","","","SS","SSD","728"
"http://www.nationsonline.org/oneworld/country_code_list.htm","","Spain","Spain","http://www.nationsonline.org/oneworld/spain.htm","ES","ESP","724"
"http://www.nationsonline.org/oneworld/country_code_list.htm","","Sri Lanka","Sri Lanka","http://www.nationsonline.org/oneworld/sri_lanka.htm","LK","LKA","144"
"http://www.nationsonline.org/oneworld/country_code_list.htm","","Sudan","Sudan","http://www.nationsonline.org/oneworld/sudan.htm","SD","SDN","736"
"http://www.nationsonline.org/oneworld/country_code_list.htm","","Suriname *","Suriname","http://www.nationsonline.org/oneworld/suriname.htm","SR","SUR","740"
"http://www.nationsonline.org/oneworld/country_code_list.htm","","Svalbard and Jan Mayen Islands","","","SJ","SJM","744"
"http://www.nationsonline.org/oneworld/country_code_list.htm","","Swaziland","Swaziland","http://www.nationsonline.org/oneworld/swaziland.htm","SZ","SWZ","748"
"http://www.nationsonline.org/oneworld/country_code_list.htm","","Sweden","Sweden","http://www.nationsonline.org/oneworld/sweden.htm","SE","SWE","752"
"http://www.nationsonline.org/oneworld/country_code_list.htm","","Switzerland","Switzerland","http://www.nationsonline.org/oneworld/switzerland.htm","CH","CHE","756"
"http://www.nationsonline.org/oneworld/country_code_list.htm","","Syrian Arab Republic (Syria)","Syrian Arab Republic","http://www.nationsonline.org/oneworld/syria.htm","SY","SYR","760"
"http://www.nationsonline.org/oneworld/country_code_list.htm","","Taiwan, Republic of China","Taiwan","http://www.nationsonline.org/oneworld/taiwan.htm","TW","TWN","158"
"http://www.nationsonline.org/oneworld/country_code_list.htm","","Tajikistan","Tajikistan","http://www.nationsonline.org/oneworld/tajikistan.htm","TJ","TJK","762"
"http://www.nationsonline.org/oneworld/country_code_list.htm","","Tanzania *, United Republic of","Tanzania","http://www.nationsonline.org/oneworld/tanzania.htm","TZ","TZA","834"
"http://www.nationsonline.org/oneworld/country_code_list.htm","","Thailand","Thailand","http://www.nationsonline.org/oneworld/thailand.htm","TH","THA","764"
"http://www.nationsonline.org/oneworld/country_code_list.htm","","Timor-Leste","Timor-Leste","http://www.nationsonline.org/oneworld/timor_leste.htm","TL","TLS","626"
"http://www.nationsonline.org/oneworld/country_code_list.htm","","Togo","Togo","http://www.nationsonline.org/oneworld/togo.htm","TG","TGO","768"
"http://www.nationsonline.org/oneworld/country_code_list.htm","","Tokelau","","","TK","TKL","772"
"http://www.nationsonline.org/oneworld/country_code_list.htm","","Tonga","Tonga","http://www.nationsonline.org/oneworld/tonga.htm","TO","TON","776"
"http://www.nationsonline.org/oneworld/country_code_list.htm","","Trinidad and Tobago","Trinidad and Tobago","http://www.nationsonline.org/oneworld/trinidad_and_tobago.htm","TT","TTO","780"
"http://www.nationsonline.org/oneworld/country_code_list.htm","","Tunisia","Tunisia","http://www.nationsonline.org/oneworld/tunisia.htm","TN","TUN","788"
"http://www.nationsonline.org/oneworld/country_code_list.htm","","Turkey","Turkey","http://www.nationsonline.org/oneworld/turkey.htm","TR","TUR","792"
"http://www.nationsonline.org/oneworld/country_code_list.htm","","Turkmenistan","Turkmenistan","http://www.nationsonline.org/oneworld/turkmenistan.htm","TM","TKM","795"
"http://www.nationsonline.org/oneworld/country_code_list.htm","","Turks and Caicos Islands","","","TC","TCA","796"
"http://www.nationsonline.org/oneworld/country_code_list.htm","","Tuvalu","Tuvalu","http://www.nationsonline.org/oneworld/tuvalu.htm","TV","TUV","798"
"http://www.nationsonline.org/oneworld/country_code_list.htm","","Uganda","Uganda","http://www.nationsonline.org/oneworld/uganda.htm","UG","UGA","800"
"http://www.nationsonline.org/oneworld/country_code_list.htm","","Ukraine","Ukraine","http://www.nationsonline.org/oneworld/ukraine.htm","UA","UKR","804"
"http://www.nationsonline.org/oneworld/country_code_list.htm","","United Arab Emirates","United Arab Emirates","http://www.nationsonline.org/oneworld/arab_emirates.htm","AE","ARE","784"
"http://www.nationsonline.org/oneworld/country_code_list.htm","","United Kingdom","United Kingdom","http://www.nationsonline.org/oneworld/united_kingdom.htm","GB","GBR","826"
"http://www.nationsonline.org/oneworld/country_code_list.htm","","United States of America","United States of America","http://www.nationsonline.org/oneworld/united_states.htm","US","USA","840"
"http://www.nationsonline.org/oneworld/country_code_list.htm","","United States Minor Outlying Islands","","","UM","UMI","581"
"http://www.nationsonline.org/oneworld/country_code_list.htm","","Uruguay","Uruguay","http://www.nationsonline.org/oneworld/uruguay.htm","UY","URY","858"
"http://www.nationsonline.org/oneworld/country_code_list.htm","","Uzbekistan","Uzbekistan","http://www.nationsonline.org/oneworld/uzbekistan.htm","UZ","UZB","860"
"http://www.nationsonline.org/oneworld/country_code_list.htm","","Vanuatu","Vanuatu","http://www.nationsonline.org/oneworld/vanuatu.htm","VU","VUT","548"
"http://www.nationsonline.org/oneworld/country_code_list.htm","","Venezuela (Bolivarian Republic of)","Venezuela","http://www.nationsonline.org/oneworld/venezuela.htm","VE","VEN","862"
"http://www.nationsonline.org/oneworld/country_code_list.htm","","Viet Nam","Viet Nam","http://www.nationsonline.org/oneworld/vietnam.htm","VN","VNM","704"
"http://www.nationsonline.org/oneworld/country_code_list.htm","","Virgin Islands, US","Virgin Islands, US","http://www.nationsonline.org/oneworld/virgin_islands_us.htm","VI","VIR","850"
"http://www.nationsonline.org/oneworld/country_code_list.htm","","Wallis and Futuna Islands","","","WF","WLF","876"
"http://www.nationsonline.org/oneworld/country_code_list.htm","","Western Sahara","","","EH","ESH","732"
"http://www.nationsonline.org/oneworld/country_code_list.htm","","Yemen","Yemen","http://www.nationsonline.org/oneworld/yemen.htm","YE","YEM","887"
"http://www.nationsonline.org/oneworld/country_code_list.htm","","Zambia","Zambia","http://www.nationsonline.org/oneworld/zambia.htm","ZM","ZMB","894"
"http://www.nationsonline.org/oneworld/country_code_list.htm","","Zimbabwe","Zimbabwe","http://www.nationsonline.org/oneworld/zimbabwe.htm","ZW","ZWE","716"
